1.30628;1.30644;-0.00016
1.30631;1.30647;-0.00016
1.30618;1.30634;-0.00016
1.30643;1.30659;-0.00016
1.30593;1.30609;-0.00016
1.30606;1.30622;-0.00016
1.30556;1.30572;-0.00016
1.30568;1.30584;-0.00016
1.30506;1.30522;-0.00016
1.30531;1.30547;-0.00016
1.30518;1.30534;-0.00016
1.30556;1.30572;-0.00016
1.30507;1.30523;-0.00016
1.3051;1.30526;-0.00016
1.30785;1.30801;-0.00016
1.3073;1.30746;-0.00016
1.3095;1.30966;-0.00016
1.30895;1.30911;-0.00016
1.31115;1.31131;-0.00016
1.31005;1.31021;-0.00016
1.3106;1.31076;-0.00016
1.30895;1.30911;-0.00016
1.30979;1.30995;-0.00016
1.30977;1.30993;-0.00016
1.30994;1.3101;-0.00016
1.30967;1.30983;-0.00016
1.3102;1.31036;-0.00016
1.30915;1.30931;-0.00016
1.30941;1.30957;-0.00016
1.30836;1.30852;-0.00016
1.30862;1.30878;-0.00016
1.30731;1.30747;-0.00016
1.30784;1.308;-0.00016
1.30757;1.30773;-0.00016
1.30836;1.30852;-0.00016
1.30831;1.30847;-0.00016
1.30767;1.30783;-0.00016
1.30776;1.30792;-0.00016
1.30757;1.30773;-0.00016
1.30806;1.30822;-0.00016
1.30796;1.30812;-0.00016
1.30835;1.30851;-0.00016
1.30825;1.30841;-0.00016
1.30864;1.3088;-0.00016
1.30845;1.30861;-0.00016
1.30854;1.3087;-0.00016
1.30825;1.30841;-0.00016
1.30845;1.30861;-0.00016
1.30846;1.30862;-0.00016
1.30827;1.30843;-0.00016
1.30835;1.30851;-0.00016
1.3082;1.30836;-0.00016
1.30856;1.30872;-0.00016
1.30849;1.30865;-0.00016
1.30878;1.30894;-0.00016
1.30871;1.30887;-0.00016
1.309;1.30916;-0.00016
1.30885;1.30901;-0.00016
1.30893;1.30909;-0.00016
1.30871;1.30887;-0.00016
1.30869;1.30885;-0.00016
1.30866;1.30882;-0.00016
1.30859;1.30875;-0.00016
1.30849;1.30865;-0.00016
1.30869;1.30885;-0.00016
1.30829;1.30845;-0.00016
1.30839;1.30855;-0.00016
1.30799;1.30815;-0.00016
1.30809;1.30825;-0.00016
1.30759;1.30775;-0.00016
1.30779;1.30795;-0.00016
1.30769;1.30785;-0.00016
1.30799;1.30815;-0.00016
1.308;1.30816;-0.00016
1.308;1.30816;-0.00016
1.30793;1.30809;-0.00016
1.30803;1.30819;-0.00016
1.30784;1.308;-0.00016
1.3083;1.30846;-0.00016
1.30821;1.30837;-0.00016
1.30858;1.30874;-0.00016
1.30849;1.30865;-0.00016
1.30886;1.30902;-0.00016
1.30867;1.30883;-0.00016
1.30877;1.30893;-0.00016
1.30849;1.30865;-0.00016
1.3088;1.30896;-0.00016
1.30879;1.30895;-0.00016
1.3088;1.30896;-0.00016
1.30875;1.30891;-0.00016
1.30884;1.309;-0.00016
1.30866;1.30882;-0.00016
1.30871;1.30887;-0.00016
1.30853;1.30869;-0.00016
1.30857;1.30873;-0.00016
1.30835;1.30851;-0.00016
1.30844;1.3086;-0.00016
1.30839;1.30855;-0.00016
1.30853;1.30869;-0.00016
1.30863;1.30879;-0.00016
1.30867;1.30883;-0.00016
1.30871;1.30887;-0.00016
1.30863;1.30879;-0.00016
1.30883;1.30899;-0.00016
1.30879;1.30895;-0.00016
1.30894;1.3091;-0.00016
1.3089;1.30906;-0.00016
1.30906;1.30922;-0.00016
1.30898;1.30914;-0.00016
1.30902;1.30918;-0.00016
1.3089;1.30906;-0.00016
1.30888;1.30904;-0.00016
1.3089;1.30906;-0.00016
1.30885;1.30901;-0.00016
1.30895;1.30911;-0.00016
1.30875;1.30891;-0.00016
1.30924;1.3094;-0.00016
1.30914;1.3093;-0.00016
1.30954;1.3097;-0.00016
1.30944;1.3096;-0.00016
1.30983;1.30999;-0.00016
1.30985;1.31001;-0.00016
1.31025;1.31041;-0.00016
1.31018;1.31034;-0.00016
1.31031;1.31047;-0.00016
1.31006;1.31022;-0.00016
1.31012;1.31028;-0.00016
1.30986;1.31002;-0.00016
1.30993;1.31009;-0.00016
1.30961;1.30977;-0.00016
1.30974;1.3099;-0.00016
1.30967;1.30983;-0.00016
1.30986;1.31002;-0.00016
1.30981;1.30997;-0.00016
1.30983;1.30999;-0.00016
1.30982;1.30998;-0.00016
1.30977;1.30993;-0.00016
1.30988;1.31004;-0.00016
1.30966;1.30982;-0.00016
1.30971;1.30987;-0.00016
1.30949;1.30965;-0.00016
1.30955;1.30971;-0.00016
1.30927;1.30943;-0.00016
1.30938;1.30954;-0.00016
1.30933;1.30949;-0.00016
1.30949;1.30965;-0.00016
1.30958;1.30974;-0.00016
1.30959;1.30975;-0.00016
1.30964;1.3098;-0.00016
1.30958;1.30974;-0.00016
1.3097;1.30986;-0.00016
1.30946;1.30962;-0.00016
1.30952;1.30968;-0.00016
1.30929;1.30945;-0.00016
1.30935;1.30951;-0.00016
1.30905;1.30921;-0.00016
1.30917;1.30933;-0.00016
1.30911;1.30927;-0.00016
1.30929;1.30945;-0.00016
1.30913;1.30929;-0.00016
1.30915;1.30931;-0.00016
1.30909;1.30925;-0.00016
1.30912;1.30928;-0.00016
1.30906;1.30922;-0.00016
1.30921;1.30937;-0.00016
1.30918;1.30934;-0.00016
1.30931;1.30947;-0.00016
1.30928;1.30944;-0.00016
1.3094;1.30956;-0.00016
1.30934;1.3095;-0.00016
1.30937;1.30953;-0.00016
1.30928;1.30944;-0.00016
1.30937;1.30953;-0.00016
1.30936;1.30952;-0.00016
1.30955;1.30971;-0.00016
1.30951;1.30967;-0.00016
1.30958;1.30974;-0.00016
1.30944;1.3096;-0.00016
1.30948;1.30964;-0.00016
1.30934;1.3095;-0.00016
1.30937;1.30953;-0.00016
1.3092;1.30936;-0.00016
1.30927;1.30943;-0.00016
1.30923;1.30939;-0.00016
1.30934;1.3095;-0.00016
1.30936;1.30952;-0.00016
1.30939;1.30955;-0.00016
1.3095;1.30966;-0.00016
1.30927;1.30943;-0.00016
1.30985;1.31001;-0.00016
1.30974;1.3099;-0.00016
1.3102;1.31036;-0.00016
1.31008;1.31024;-0.00016
1.31055;1.31071;-0.00016
1.31032;1.31048;-0.00016
1.31043;1.31059;-0.00016
1.31008;1.31024;-0.00016
1.30979;1.30995;-0.00016
1.3098;1.30996;-0.00016
1.30933;1.30949;-0.00016
1.30941;1.30957;-0.00016
1.30926;1.30942;-0.00016
1.30963;1.30979;-0.00016
1.30955;1.30971;-0.00016
1.30985;1.31001;-0.00016
1.30978;1.30994;-0.00016
1.31007;1.31023;-0.00016
1.30992;1.31008;-0.00016
1.31;1.31016;-0.00016
1.30978;1.30994;-0.00016
1.31004;1.3102;-0.00016
1.31005;1.31021;-0.00016
1.31;1.31016;-0.00016
1.30987;1.31003;-0.00016
1.31012;1.31028;-0.00016
1.30963;1.30979;-0.00016
1.30975;1.30991;-0.00016
1.30925;1.30941;-0.00016
1.30938;1.30954;-0.00016
1.30876;1.30892;-0.00016
1.30901;1.30917;-0.00016
1.30888;1.30904;-0.00016
1.30925;1.30941;-0.00016
1.30918;1.30934;-0.00016
1.30891;1.30907;-0.00016
1.309;1.30916;-0.00016
1.30898;1.30914;-0.00016
1.30906;1.30922;-0.00016
1.30904;1.3092;-0.00016
1.30911;1.30927;-0.00016
1.30961;1.30977;-0.00016
1.30954;1.3097;-0.00016
1.30943;1.30959;-0.00016
1.30965;1.30981;-0.00016
1.30921;1.30937;-0.00016
1.30932;1.30948;-0.00016
1.30887;1.30903;-0.00016
1.30898;1.30914;-0.00016
1.30843;1.30859;-0.00016
1.30865;1.30881;-0.00016
1.30854;1.3087;-0.00016
1.30887;1.30903;-0.00016
1.30937;1.30953;-0.00016
1.30936;1.30952;-0.00016
1.30926;1.30942;-0.00016
1.30899;1.30915;-0.00016
1.30952;1.30968;-0.00016
1.30847;1.30863;-0.00016
1.30873;1.30889;-0.00016
1.30767;1.30783;-0.00016
1.30794;1.3081;-0.00016
1.30662;1.30678;-0.00016
1.30715;1.30731;-0.00016
1.30688;1.30704;-0.00016
1.30767;1.30783;-0.00016
1.30687;1.30703;-0.00016
1.30688;1.30704;-0.00016
1.30677;1.30693;-0.00016
1.30685;1.30701;-0.00016
1.30668;1.30684;-0.00016
1.30712;1.30728;-0.00016
1.30703;1.30719;-0.00016
1.30738;1.30754;-0.00016
1.30729;1.30745;-0.00016
1.30764;1.3078;-0.00016
1.30747;1.30763;-0.00016
1.30755;1.30771;-0.00016
1.30729;1.30745;-0.00016
1.30736;1.30752;-0.00016
1.30735;1.30751;-0.00016
1.30692;1.30708;-0.00016
1.30709;1.30725;-0.00016
1.30675;1.30691;-0.00016
1.3076;1.30776;-0.00016
1.30743;1.30759;-0.00016
1.3081;1.30826;-0.00016
1.30793;1.30809;-0.00016
1.30861;1.30877;-0.00016
1.30827;1.30843;-0.00016
1.30844;1.3086;-0.00016
1.30793;1.30809;-0.00016
1.30847;1.30863;-0.00016
1.30848;1.30864;-0.00016
1.30851;1.30867;-0.00016
1.30827;1.30843;-0.00016
1.30876;1.30892;-0.00016
1.30778;1.30794;-0.00016
1.30802;1.30818;-0.00016
1.30704;1.3072;-0.00016
1.30729;1.30745;-0.00016
1.30606;1.30622;-0.00016
1.30655;1.30671;-0.00016
1.30631;1.30647;-0.00016
1.30704;1.3072;-0.00016
1.30635;1.30651;-0.00016
1.30637;1.30653;-0.00016
1.30652;1.30668;-0.00016
1.30631;1.30647;-0.00016
1.30673;1.30689;-0.00016
1.30589;1.30605;-0.00016
1.3061;1.30626;-0.00016
1.30525;1.30541;-0.00016
1.30546;1.30562;-0.00016
1.30441;1.30457;-0.00016
1.30483;1.30499;-0.00016
1.30462;1.30478;-0.00016
1.30525;1.30541;-0.00016
1.30443;1.30459;-0.00016
1.30444;1.3046;-0.00016
1.30348;1.30364;-0.00016
1.30365;1.30381;-0.00016
1.3033;1.30346;-0.00016
1.30418;1.30434;-0.00016
1.30401;1.30417;-0.00016
1.30471;1.30487;-0.00016
1.30453;1.30469;-0.00016
1.30524;1.3054;-0.00016
1.30489;1.30505;-0.00016
1.30506;1.30522;-0.00016
1.30453;1.30469;-0.00016
1.30495;1.30511;-0.00016
1.30496;1.30512;-0.00016
1.30428;1.30444;-0.00016
1.30438;1.30454;-0.00016
1.30419;1.30435;-0.00016
1.30466;1.30482;-0.00016
1.30457;1.30473;-0.00016
1.30495;1.30511;-0.00016
1.30485;1.30501;-0.00016
1.30523;1.30539;-0.00016
1.30504;1.3052;-0.00016
1.30514;1.3053;-0.00016
1.30485;1.30501;-0.00016
1.30508;1.30524;-0.00016
1.30509;1.30525;-0.00016
1.30511;1.30527;-0.00016
1.30518;1.30534;-0.00016
1.30504;1.3052;-0.00016
1.30539;1.30555;-0.00016
1.30532;1.30548;-0.00016
1.30559;1.30575;-0.00016
1.30552;1.30568;-0.00016
1.3058;1.30596;-0.00016
1.30566;1.30582;-0.00016
1.30573;1.30589;-0.00016
1.30552;1.30568;-0.00016
1.30574;1.3059;-0.00016
1.30575;1.30591;-0.00016
1.30562;1.30578;-0.00016
1.30567;1.30583;-0.00016
1.30556;1.30572;-0.00016
1.30584;1.306;-0.00016
1.30579;1.30595;-0.00016
1.30601;1.30617;-0.00016
1.30595;1.30611;-0.00016
1.30618;1.30634;-0.00016
1.30607;1.30623;-0.00016
1.30612;1.30628;-0.00016
1.30595;1.30611;-0.00016
1.30581;1.30597;-0.00016
1.3058;1.30596;-0.00016
1.30593;1.30609;-0.00016
1.3059;1.30606;-0.00016
1.30597;1.30613;-0.00016
1.30582;1.30598;-0.00016
1.30586;1.30602;-0.00016
1.30571;1.30587;-0.00016
1.30575;1.30591;-0.00016
1.30556;1.30572;-0.00016
1.30563;1.30579;-0.00016
1.3056;1.30576;-0.00016
1.30571;1.30587;-0.00016
1.30574;1.3059;-0.00016
1.30573;1.30589;-0.00016
1.30577;1.30593;-0.00016
1.30572;1.30588;-0.00016
1.30583;1.30599;-0.00016
1.30561;1.30577;-0.00016
1.30566;1.30582;-0.00016
1.30544;1.3056;-0.00016
1.3055;1.30566;-0.00016
1.30522;1.30538;-0.00016
1.30533;1.30549;-0.00016
1.30528;1.30544;-0.00016
1.30544;1.3056;-0.00016
1.30572;1.30588;-0.00016
1.30573;1.30589;-0.00016
1.30568;1.30584;-0.00016
1.30574;1.3059;-0.00016
1.30562;1.30578;-0.00016
1.30592;1.30608;-0.00016
1.30586;1.30602;-0.00016
1.30611;1.30627;-0.00016
1.30605;1.30621;-0.00016
1.30629;1.30645;-0.00016
1.30617;1.30633;-0.00016
1.30623;1.30639;-0.00016
1.30605;1.30621;-0.00016
1.30607;1.30623;-0.00016
1.30606;1.30622;-0.00016
1.30653;1.30669;-0.00016
1.30644;1.3066;-0.00016
1.30682;1.30698;-0.00016
1.30672;1.30688;-0.00016
1.3071;1.30726;-0.00016
1.30691;1.30707;-0.00016
1.30701;1.30717;-0.00016
1.30672;1.30688;-0.00016
1.3069;1.30706;-0.00016
1.30691;1.30707;-0.00016
1.30696;1.30712;-0.00016
1.30691;1.30707;-0.00016
1.30702;1.30718;-0.00016
1.30679;1.30695;-0.00016
1.30685;1.30701;-0.00016
1.30663;1.30679;-0.00016
1.30668;1.30684;-0.00016
1.3064;1.30656;-0.00016
1.30651;1.30667;-0.00016
1.30646;1.30662;-0.00016
1.30663;1.30679;-0.00016
1.30659;1.30675;-0.00016
1.3066;1.30676;-0.00016
1.30664;1.3068;-0.00016
1.30658;1.30674;-0.00016
1.3067;1.30686;-0.00016
1.30646;1.30662;-0.00016
1.30652;1.30668;-0.00016
1.30629;1.30645;-0.00016
1.30635;1.30651;-0.00016
1.30605;1.30621;-0.00016
1.30617;1.30633;-0.00016
1.30611;1.30627;-0.00016
1.30629;1.30645;-0.00016
1.30644;1.3066;-0.00016
1.30641;1.30657;-0.00016
1.3063;1.30646;-0.00016
1.30637;1.30653;-0.00016
1.30623;1.30639;-0.00016
1.30658;1.30674;-0.00016
1.30651;1.30667;-0.00016
1.30678;1.30694;-0.00016
1.30671;1.30687;-0.00016
1.30699;1.30715;-0.00016
1.30685;1.30701;-0.00016
1.30692;1.30708;-0.00016
1.30671;1.30687;-0.00016
1.30657;1.30673;-0.00016
1.30658;1.30674;-0.00016
1.30686;1.30702;-0.00016
1.30679;1.30695;-0.00016
1.30692;1.30708;-0.00016
1.30667;1.30683;-0.00016
1.30673;1.30689;-0.00016
1.30648;1.30664;-0.00016
1.30654;1.3067;-0.00016
1.30623;1.30639;-0.00016
1.30636;1.30652;-0.00016
1.30629;1.30645;-0.00016
1.30648;1.30664;-0.00016
1.3064;1.30656;-0.00016
1.30639;1.30655;-0.00016
1.30571;1.30587;-0.00016
1.30583;1.30599;-0.00016
1.30558;1.30574;-0.00016
1.30622;1.30638;-0.00016
1.30609;1.30625;-0.00016
1.3066;1.30676;-0.00016
1.30647;1.30663;-0.00016
1.30698;1.30714;-0.00016
1.30673;1.30689;-0.00016
1.30685;1.30701;-0.00016
1.30647;1.30663;-0.00016
1.30693;1.30709;-0.00016
1.30695;1.30711;-0.00016
1.30766;1.30782;-0.00016
1.30752;1.30768;-0.00016
1.30808;1.30824;-0.00016
1.30794;1.3081;-0.00016
1.30851;1.30867;-0.00016
1.30823;1.30839;-0.00016
1.30837;1.30853;-0.00016
1.30794;1.3081;-0.00016
1.30754;1.3077;-0.00016
1.30753;1.30769;-0.00016
1.30757;1.30773;-0.00016
1.30763;1.30779;-0.00016
1.3075;1.30766;-0.00016
1.30783;1.30799;-0.00016
1.30777;1.30793;-0.00016
1.30803;1.30819;-0.00016
1.30796;1.30812;-0.00016
1.30823;1.30839;-0.00016
1.3081;1.30826;-0.00016
1.30816;1.30832;-0.00016
1.30796;1.30812;-0.00016
1.30815;1.30831;-0.00016
1.30818;1.30834;-0.00016
1.30811;1.30827;-0.00016
1.30825;1.30841;-0.00016
1.30797;1.30813;-0.00016
1.30804;1.3082;-0.00016
1.30775;1.30791;-0.00016
1.30782;1.30798;-0.00016
1.30747;1.30763;-0.00016
1.30761;1.30777;-0.00016
1.30754;1.3077;-0.00016
1.30775;1.30791;-0.00016
1.30754;1.3077;-0.00016
1.30755;1.30771;-0.00016
1.30758;1.30774;-0.00016
1.30754;1.3077;-0.00016
1.30762;1.30778;-0.00016
1.30747;1.30763;-0.00016
1.30751;1.30767;-0.00016
1.30735;1.30751;-0.00016
1.30739;1.30755;-0.00016
1.3072;1.30736;-0.00016
1.30728;1.30744;-0.00016
1.30724;1.3074;-0.00016
1.30735;1.30751;-0.00016
1.30731;1.30747;-0.00016
1.30732;1.30748;-0.00016
1.30731;1.30747;-0.00016
1.30735;1.30751;-0.00016
1.30727;1.30743;-0.00016
1.30746;1.30762;-0.00016
1.30742;1.30758;-0.00016
1.30758;1.30774;-0.00016
1.30754;1.3077;-0.00016
1.30769;1.30785;-0.00016
1.30761;1.30777;-0.00016
1.30765;1.30781;-0.00016
1.30754;1.3077;-0.00016
1.30745;1.30761;-0.00016
1.3075;1.30766;-0.00016
1.30699;1.30715;-0.00016
1.30708;1.30724;-0.00016
1.3069;1.30706;-0.00016
1.30734;1.3075;-0.00016
1.30725;1.30741;-0.00016
1.30761;1.30777;-0.00016
1.30752;1.30768;-0.00016
1.30787;1.30803;-0.00016
1.30769;1.30785;-0.00016
1.30778;1.30794;-0.00016
1.30752;1.30768;-0.00016
1.30755;1.30771;-0.00016
1.30742;1.30758;-0.00016
1.30745;1.30761;-0.00016
1.30738;1.30754;-0.00016
1.30756;1.30772;-0.00016
1.30753;1.30769;-0.00016
1.30767;1.30783;-0.00016
1.30763;1.30779;-0.00016
1.30778;1.30794;-0.00016
1.30771;1.30787;-0.00016
1.30774;1.3079;-0.00016
1.30763;1.30779;-0.00016
1.30765;1.30781;-0.00016
1.30763;1.30779;-0.00016
1.30773;1.30789;-0.00016
1.30766;1.30782;-0.00016
1.3078;1.30796;-0.00016
1.30752;1.30768;-0.00016
1.30759;1.30775;-0.00016
1.30732;1.30748;-0.00016
1.30739;1.30755;-0.00016
1.30704;1.3072;-0.00016
1.30718;1.30734;-0.00016
1.30711;1.30727;-0.00016
1.30732;1.30748;-0.00016
1.30718;1.30734;-0.00016
1.30719;1.30735;-0.00016
1.30709;1.30725;-0.00016
1.30713;1.30729;-0.00016
1.30706;1.30722;-0.00016
1.30723;1.30739;-0.00016
1.30719;1.30735;-0.00016
1.30733;1.30749;-0.00016
1.3073;1.30746;-0.00016
1.30743;1.30759;-0.00016
1.30736;1.30752;-0.00016
1.3074;1.30756;-0.00016
1.3073;1.30746;-0.00016
1.3074;1.30756;-0.00016
1.30741;1.30757;-0.00016
1.3078;1.30796;-0.00016
1.30765;1.30781;-0.00016
1.30795;1.30811;-0.00016
1.30735;1.30751;-0.00016
1.3075;1.30766;-0.00016
1.30689;1.30705;-0.00016
1.30704;1.3072;-0.00016
1.30629;1.30645;-0.00016
1.30659;1.30675;-0.00016
1.30644;1.3066;-0.00016
1.30689;1.30705;-0.00016
1.30706;1.30722;-0.00016
1.30703;1.30719;-0.00016
1.30735;1.30751;-0.00016
1.30728;1.30744;-0.00016
1.30741;1.30757;-0.00016
1.30715;1.30731;-0.00016
1.30722;1.30738;-0.00016
1.30696;1.30712;-0.00016
1.30702;1.30718;-0.00016
1.3067;1.30686;-0.00016
1.30683;1.30699;-0.00016
1.30676;1.30692;-0.00016
1.30696;1.30712;-0.00016
1.30692;1.30708;-0.00016
1.30691;1.30707;-0.00016
1.30685;1.30701;-0.00016
1.30665;1.30681;-0.00016
1.30706;1.30722;-0.00016
1.30623;1.30639;-0.00016
1.30644;1.3066;-0.00016
1.30562;1.30578;-0.00016
1.30582;1.30598;-0.00016
1.30479;1.30495;-0.00016
1.3052;1.30536;-0.00016
1.305;1.30516;-0.00016
1.30562;1.30578;-0.00016
1.30533;1.30549;-0.00016
1.30529;1.30545;-0.00016
1.30522;1.30538;-0.00016
1.30541;1.30557;-0.00016
1.30503;1.30519;-0.00016
1.30598;1.30614;-0.00016
1.30579;1.30595;-0.00016
1.30655;1.30671;-0.00016
1.30636;1.30652;-0.00016
1.30712;1.30728;-0.00016
1.30674;1.3069;-0.00016
1.30693;1.30709;-0.00016
1.30636;1.30652;-0.00016
1.30689;1.30705;-0.00016
1.30688;1.30704;-0.00016
1.30668;1.30684;-0.00016
1.30676;1.30692;-0.00016
1.30659;1.30675;-0.00016
1.30703;1.30719;-0.00016
1.30694;1.3071;-0.00016
1.30729;1.30745;-0.00016
1.3072;1.30736;-0.00016
1.30755;1.30771;-0.00016
1.30738;1.30754;-0.00016
1.30746;1.30762;-0.00016
1.3072;1.30736;-0.00016
1.30734;1.3075;-0.00016
1.30735;1.30751;-0.00016
1.30751;1.30767;-0.00016
1.30739;1.30755;-0.00016
1.30764;1.3078;-0.00016
1.30713;1.30729;-0.00016
1.30726;1.30742;-0.00016
1.30676;1.30692;-0.00016
1.30688;1.30704;-0.00016
1.30625;1.30641;-0.00016
1.3065;1.30666;-0.00016
1.30638;1.30654;-0.00016
1.30676;1.30692;-0.00016
1.30699;1.30715;-0.00016
1.307;1.30716;-0.00016
1.30629;1.30645;-0.00016
1.30641;1.30657;-0.00016
1.30617;1.30633;-0.00016
1.30676;1.30692;-0.00016
1.30664;1.3068;-0.00016
1.30712;1.30728;-0.00016
1.307;1.30716;-0.00016
1.30747;1.30763;-0.00016
1.30723;1.30739;-0.00016
1.30735;1.30751;-0.00016
1.307;1.30716;-0.00016
1.30713;1.30729;-0.00016
1.30711;1.30727;-0.00016
1.30676;1.30692;-0.00016
1.30697;1.30713;-0.00016
1.30656;1.30672;-0.00016
1.30758;1.30774;-0.00016
1.30737;1.30753;-0.00016
1.30819;1.30835;-0.00016
1.30799;1.30815;-0.00016
1.3088;1.30896;-0.00016
1.30839;1.30855;-0.00016
1.3086;1.30876;-0.00016
1.30799;1.30815;-0.00016
1.30847;1.30863;-0.00016
1.30848;1.30864;-0.00016
1.30844;1.3086;-0.00016
1.30866;1.30882;-0.00016
1.30823;1.30839;-0.00016
1.30929;1.30945;-0.00016
1.30908;1.30924;-0.00016
1.30993;1.31009;-0.00016
1.30972;1.30988;-0.00016
1.31057;1.31073;-0.00016
1.31014;1.3103;-0.00016
1.31036;1.31052;-0.00016
1.30972;1.30988;-0.00016
1.31008;1.31024;-0.00016
1.31005;1.31021;-0.00016
1.31136;1.31152;-0.00016
1.3111;1.31126;-0.00016
1.31215;1.31231;-0.00016
1.31189;1.31205;-0.00016
1.31294;1.3131;-0.00016
1.31241;1.31257;-0.00016
1.31268;1.31284;-0.00016
1.31189;1.31205;-0.00016
1.31287;1.31303;-0.00016
1.31286;1.31302;-0.00016
1.31321;1.31337;-0.00016
1.31312;1.31328;-0.00016
1.3133;1.31346;-0.00016
1.31294;1.3131;-0.00016
1.31303;1.31319;-0.00016
1.31267;1.31283;-0.00016
1.31276;1.31292;-0.00016
1.31231;1.31247;-0.00016
1.31249;1.31265;-0.00016
1.3124;1.31256;-0.00016
1.31267;1.31283;-0.00016
1.31243;1.31259;-0.00016
1.31242;1.31258;-0.00016
1.31231;1.31247;-0.00016
1.31236;1.31252;-0.00016
1.31225;1.31241;-0.00016
1.31253;1.31269;-0.00016
1.31248;1.31264;-0.00016
1.3127;1.31286;-0.00016
1.31264;1.3128;-0.00016
1.31287;1.31303;-0.00016
1.31276;1.31292;-0.00016
1.31281;1.31297;-0.00016
1.31264;1.3128;-0.00016
1.31243;1.31259;-0.00016
1.31241;1.31257;-0.00016
1.31246;1.31262;-0.00016
1.31239;1.31255;-0.00016
1.31254;1.3127;-0.00016
1.31223;1.31239;-0.00016
1.31231;1.31247;-0.00016
1.312;1.31216;-0.00016
1.31208;1.31224;-0.00016
1.31169;1.31185;-0.00016
1.31184;1.312;-0.00016
1.31177;1.31193;-0.00016
1.312;1.31216;-0.00016
1.31225;1.31241;-0.00016
1.31224;1.3124;-0.00016
1.31231;1.31247;-0.00016
1.31228;1.31244;-0.00016
1.31235;1.31251;-0.00016
1.3122;1.31236;-0.00016
1.31224;1.3124;-0.00016
1.3121;1.31226;-0.00016
1.31213;1.31229;-0.00016
1.31195;1.31211;-0.00016
1.31202;1.31218;-0.00016
1.31199;1.31215;-0.00016
1.3121;1.31226;-0.00016
1.312;1.31216;-0.00016
1.31201;1.31217;-0.00016
1.31216;1.31232;-0.00016
1.31208;1.31224;-0.00016
1.31223;1.31239;-0.00016
1.31193;1.31209;-0.00016
1.31201;1.31217;-0.00016
1.31171;1.31187;-0.00016
1.31178;1.31194;-0.00016
1.31141;1.31157;-0.00016
1.31156;1.31172;-0.00016
1.31148;1.31164;-0.00016
1.31171;1.31187;-0.00016
1.3116;1.31176;-0.00016
1.31181;1.31197;-0.00016
1.31175;1.31191;-0.00016
1.31187;1.31203;-0.00016
1.31163;1.31179;-0.00016
1.31169;1.31185;-0.00016
1.31145;1.31161;-0.00016
1.31151;1.31167;-0.00016
1.31121;1.31137;-0.00016
1.31133;1.31149;-0.00016
1.31127;1.31143;-0.00016
1.31145;1.31161;-0.00016
1.31126;1.31142;-0.00016
1.31127;1.31143;-0.00016
1.31131;1.31147;-0.00016
1.31126;1.31142;-0.00016
1.31136;1.31152;-0.00016
1.31116;1.31132;-0.00016
1.31121;1.31137;-0.00016
1.311;1.31116;-0.00016
1.31105;1.31121;-0.00016
1.3108;1.31096;-0.00016
1.3109;1.31106;-0.00016
1.31085;1.31101;-0.00016
1.311;1.31116;-0.00016
1.31103;1.31119;-0.00016
1.31104;1.3112;-0.00016
1.311;1.31116;-0.00016
1.31095;1.31111;-0.00016
1.31105;1.31121;-0.00016
1.31084;1.311;-0.00016
1.31089;1.31105;-0.00016
1.31069;1.31085;-0.00016
1.31074;1.3109;-0.00016
1.31048;1.31064;-0.00016
1.31058;1.31074;-0.00016
1.31053;1.31069;-0.00016
1.31069;1.31085;-0.00016
1.3105;1.31066;-0.00016
1.31049;1.31065;-0.00016
1.31066;1.31082;-0.00016
1.31058;1.31074;-0.00016
1.31075;1.31091;-0.00016
1.31041;1.31057;-0.00016
1.31049;1.31065;-0.00016
1.31015;1.31031;-0.00016
1.31024;1.3104;-0.00016
1.30981;1.30997;-0.00016
1.30998;1.31014;-0.00016
1.3099;1.31006;-0.00016
1.31015;1.31031;-0.00016
1.31;1.31016;-0.00016
1.31001;1.31017;-0.00016
1.31047;1.31063;-0.00016
1.31038;1.31054;-0.00016
1.31074;1.3109;-0.00016
1.31065;1.31081;-0.00016
1.31102;1.31118;-0.00016
1.31084;1.311;-0.00016
1.31093;1.31109;-0.00016
1.31065;1.31081;-0.00016
1.31088;1.31104;-0.00016
1.31086;1.31102;-0.00016
1.31064;1.3108;-0.00016
1.3107;1.31086;-0.00016
1.31048;1.31064;-0.00016
1.31053;1.31069;-0.00016
1.31026;1.31042;-0.00016
1.31037;1.31053;-0.00016
1.31031;1.31047;-0.00016
1.31048;1.31064;-0.00016
1.31038;1.31054;-0.00016
1.31039;1.31055;-0.00016
1.31081;1.31097;-0.00016
1.31072;1.31088;-0.00016
1.31106;1.31122;-0.00016
1.31098;1.31114;-0.00016
1.31131;1.31147;-0.00016
1.31114;1.3113;-0.00016
1.31123;1.31139;-0.00016
1.31098;1.31114;-0.00016
1.31126;1.31142;-0.00016
1.31124;1.3114;-0.00016
1.31082;1.31098;-0.00016
1.3109;1.31106;-0.00016
1.31073;1.31089;-0.00016
1.31116;1.31132;-0.00016
1.31107;1.31123;-0.00016
1.31141;1.31157;-0.00016
1.31133;1.31149;-0.00016
1.31167;1.31183;-0.00016
1.3115;1.31166;-0.00016
1.31158;1.31174;-0.00016
1.31133;1.31149;-0.00016
1.31156;1.31172;-0.00016
1.31155;1.31171;-0.00016
1.31152;1.31168;-0.00016
1.31145;1.31161;-0.00016
1.31159;1.31175;-0.00016
1.31131;1.31147;-0.00016
1.31138;1.31154;-0.00016
1.3111;1.31126;-0.00016
1.31117;1.31133;-0.00016
1.31082;1.31098;-0.00016
1.31096;1.31112;-0.00016
1.31089;1.31105;-0.00016
1.3111;1.31126;-0.00016
1.31084;1.311;-0.00016
1.31084;1.311;-0.00016
1.31106;1.31122;-0.00016
1.31099;1.31115;-0.00016
1.31114;1.3113;-0.00016
1.31083;1.31099;-0.00016
1.31091;1.31107;-0.00016
1.3106;1.31076;-0.00016
1.31068;1.31084;-0.00016
1.31029;1.31045;-0.00016
1.31044;1.3106;-0.00016
1.31037;1.31053;-0.00016
1.3106;1.31076;-0.00016
1.31048;1.31064;-0.00016
1.31049;1.31065;-0.00016
1.3104;1.31056;-0.00016
1.31052;1.31068;-0.00016
1.31027;1.31043;-0.00016
1.31091;1.31107;-0.00016
1.31078;1.31094;-0.00016
1.31129;1.31145;-0.00016
1.31116;1.31132;-0.00016
1.31167;1.31183;-0.00016
1.31142;1.31158;-0.00016
1.31154;1.3117;-0.00016
1.31116;1.31132;-0.00016
1.31165;1.31181;-0.00016
1.31163;1.31179;-0.00016
1.3116;1.31176;-0.00016
1.31151;1.31167;-0.00016
1.31168;1.31184;-0.00016
1.31134;1.3115;-0.00016
1.31143;1.31159;-0.00016
1.31109;1.31125;-0.00016
1.31117;1.31133;-0.00016
1.31075;1.31091;-0.00016
1.31092;1.31108;-0.00016
1.31083;1.31099;-0.00016
1.31109;1.31125;-0.00016
1.31139;1.31155;-0.00016
1.31141;1.31157;-0.00016
1.31163;1.31179;-0.00016
1.31191;1.31207;-0.00016
1.31136;1.31152;-0.00016
1.31272;1.31288;-0.00016
1.31245;1.31261;-0.00016
1.31354;1.3137;-0.00016
1.31327;1.31343;-0.00016
1.31436;1.31452;-0.00016
1.31381;1.31397;-0.00016
1.31409;1.31425;-0.00016
1.31327;1.31343;-0.00016
1.31373;1.31389;-0.00016
1.31374;1.3139;-0.00016
1.31358;1.31374;-0.00016
1.31366;1.31382;-0.00016
1.3135;1.31366;-0.00016
1.31389;1.31405;-0.00016
1.31381;1.31397;-0.00016
1.31413;1.31429;-0.00016
1.31405;1.31421;-0.00016
1.31436;1.31452;-0.00016
1.3142;1.31436;-0.00016
1.31428;1.31444;-0.00016
1.31405;1.31421;-0.00016
1.31385;1.31401;-0.00016
1.31361;1.31377;-0.00016
1.31366;1.31382;-0.00016
1.31356;1.31372;-0.00016
1.31381;1.31397;-0.00016
1.31376;1.31392;-0.00016
1.31395;1.31411;-0.00016
1.3139;1.31406;-0.00016
1.3141;1.31426;-0.00016
1.314;1.31416;-0.00016
1.31405;1.31421;-0.00016
1.3139;1.31406;-0.00016
1.31394;1.3141;-0.00016
1.31395;1.31411;-0.00016
1.31422;1.31438;-0.00016
1.31411;1.31427;-0.00016
1.31433;1.31449;-0.00016
1.31389;1.31405;-0.00016
1.314;1.31416;-0.00016
1.31357;1.31373;-0.00016
1.31368;1.31384;-0.00016
1.31313;1.31329;-0.00016
1.31335;1.31351;-0.00016
1.31324;1.3134;-0.00016
1.31357;1.31373;-0.00016
1.31319;1.31335;-0.00016
1.31317;1.31333;-0.00016
1.31355;1.31371;-0.00016
1.31343;1.31359;-0.00016
1.31367;1.31383;-0.00016
1.31318;1.31334;-0.00016
1.3133;1.31346;-0.00016
1.31282;1.31298;-0.00016
1.31294;1.3131;-0.00016
1.31233;1.31249;-0.00016
1.31257;1.31273;-0.00016
1.31245;1.31261;-0.00016
1.31282;1.31298;-0.00016
1.31311;1.31327;-0.00016
1.31312;1.31328;-0.00016
1.31329;1.31345;-0.00016
1.31323;1.31339;-0.00016
1.31335;1.31351;-0.00016
1.31311;1.31327;-0.00016
1.31317;1.31333;-0.00016
1.31292;1.31308;-0.00016
1.31298;1.31314;-0.00016
1.31268;1.31284;-0.00016
1.3128;1.31296;-0.00016
1.31274;1.3129;-0.00016
1.31292;1.31308;-0.00016
1.3129;1.31306;-0.00016
1.31289;1.31305;-0.00016
1.31288;1.31304;-0.00016
1.31292;1.31308;-0.00016
1.31284;1.313;-0.00016
1.31305;1.31321;-0.00016
1.31301;1.31317;-0.00016
1.31317;1.31333;-0.00016
1.31313;1.31329;-0.00016
1.3133;1.31346;-0.00016
1.31322;1.31338;-0.00016
1.31326;1.31342;-0.00016
1.31313;1.31329;-0.00016
1.31323;1.31339;-0.00016
1.31322;1.31338;-0.00016
1.3123;1.31246;-0.00016
1.31253;1.31269;-0.00016
1.3116;1.31176;-0.00016
1.31183;1.31199;-0.00016
1.31068;1.31084;-0.00016
1.31114;1.3113;-0.00016
1.31091;1.31107;-0.00016
1.3116;1.31176;-0.00016
1.31118;1.31134;-0.00016
1.31092;1.31108;-0.00016
1.31106;1.31122;-0.00016
1.31077;1.31093;-0.00016
1.31151;1.31167;-0.00016
1.31136;1.31152;-0.00016
1.31195;1.31211;-0.00016
1.3118;1.31196;-0.00016
1.31239;1.31255;-0.00016
1.3121;1.31226;-0.00016
1.31224;1.3124;-0.00016
1.3118;1.31196;-0.00016
1.31208;1.31224;-0.00016
1.31209;1.31225;-0.00016
1.31249;1.31265;-0.00016
1.31232;1.31248;-0.00016
1.31266;1.31282;-0.00016
1.31198;1.31214;-0.00016
1.31215;1.31231;-0.00016
1.31148;1.31164;-0.00016
1.31165;1.31181;-0.00016
1.3108;1.31096;-0.00016
1.31114;1.3113;-0.00016
1.31097;1.31113;-0.00016
1.31148;1.31164;-0.00016
1.31199;1.31215;-0.00016
1.312;1.31216;-0.00016
1.31188;1.31204;-0.00016
1.31159;1.31175;-0.00016
1.31218;1.31234;-0.00016
1.31099;1.31115;-0.00016
1.31129;1.31145;-0.00016
1.3101;1.31026;-0.00016
1.3104;1.31056;-0.00016
1.30891;1.30907;-0.00016
1.3095;1.30966;-0.00016
1.30921;1.30937;-0.00016
1.3101;1.31026;-0.00016
1.30897;1.30913;-0.00016
1.30895;1.30911;-0.00016
1.3101;1.31026;-0.00016
1.3099;1.31006;-0.00016
1.3103;1.31046;-0.00016
1.3095;1.30966;-0.00016
1.3097;1.30986;-0.00016
1.30889;1.30905;-0.00016
1.30909;1.30925;-0.00016
1.30809;1.30825;-0.00016
1.30849;1.30865;-0.00016
1.30829;1.30845;-0.00016
1.30889;1.30905;-0.00016
1.30827;1.30843;-0.00016
1.30825;1.30841;-0.00016
1.30736;1.30752;-0.00016
1.30748;1.30764;-0.00016
1.30724;1.3074;-0.00016
1.30784;1.308;-0.00016
1.30772;1.30788;-0.00016
1.3082;1.30836;-0.00016
1.30808;1.30824;-0.00016
1.30856;1.30872;-0.00016
1.30832;1.30848;-0.00016
1.30844;1.3086;-0.00016
1.30808;1.30824;-0.00016
1.30848;1.30864;-0.00016
1.30849;1.30865;-0.00016
1.30769;1.30785;-0.00016
1.30786;1.30802;-0.00016
1.30752;1.30768;-0.00016
1.30838;1.30854;-0.00016
1.30821;1.30837;-0.00016
1.30889;1.30905;-0.00016
1.30872;1.30888;-0.00016
1.30941;1.30957;-0.00016
1.30907;1.30923;-0.00016
1.30924;1.3094;-0.00016
1.30872;1.30888;-0.00016
1.30917;1.30933;-0.00016
1.30918;1.30934;-0.00016
1.30956;1.30972;-0.00016
1.30945;1.30961;-0.00016
1.30968;1.30984;-0.00016
1.30921;1.30937;-0.00016
1.30933;1.30949;-0.00016
1.30887;1.30903;-0.00016
1.30898;1.30914;-0.00016
1.3084;1.30856;-0.00016
1.30863;1.30879;-0.00016
1.30852;1.30868;-0.00016
1.30887;1.30903;-0.00016
1.30878;1.30894;-0.00016
1.3088;1.30896;-0.00016
1.30777;1.30793;-0.00016
1.30792;1.30808;-0.00016
1.30762;1.30778;-0.00016
1.30837;1.30853;-0.00016
1.30822;1.30838;-0.00016
1.30882;1.30898;-0.00016
1.30867;1.30883;-0.00016
1.30927;1.30943;-0.00016
1.30897;1.30913;-0.00016
1.30912;1.30928;-0.00016
1.30867;1.30883;-0.00016
1.30882;1.30898;-0.00016
1.30881;1.30897;-0.00016
1.30865;1.30881;-0.00016
1.30896;1.30912;-0.00016
1.30834;1.3085;-0.00016
1.3085;1.30866;-0.00016
1.30788;1.30804;-0.00016
1.30803;1.30819;-0.00016
1.30726;1.30742;-0.00016
1.30757;1.30773;-0.00016
1.30741;1.30757;-0.00016
1.30788;1.30804;-0.00016
1.30749;1.30765;-0.00016
1.30747;1.30763;-0.00016
1.30736;1.30752;-0.00016
1.30722;1.30738;-0.00016
1.30751;1.30767;-0.00016
1.30693;1.30709;-0.00016
1.30707;1.30723;-0.00016
1.30649;1.30665;-0.00016
1.30664;1.3068;-0.00016
1.30591;1.30607;-0.00016
1.3062;1.30636;-0.00016
1.30606;1.30622;-0.00016
1.30649;1.30665;-0.00016
1.30703;1.30719;-0.00016
1.30702;1.30718;-0.00016
1.30769;1.30785;-0.00016
1.30755;1.30771;-0.00016
1.30782;1.30798;-0.00016
1.30729;1.30745;-0.00016
1.30742;1.30758;-0.00016
1.30689;1.30705;-0.00016
1.30702;1.30718;-0.00016
1.30636;1.30652;-0.00016
1.30663;1.30679;-0.00016
1.30649;1.30665;-0.00016
1.30689;1.30705;-0.00016
1.30686;1.30702;-0.00016
1.30685;1.30701;-0.00016
1.30646;1.30662;-0.00016
1.30659;1.30675;-0.00016
1.30633;1.30649;-0.00016
1.30697;1.30713;-0.00016
1.30684;1.307;-0.00016
1.30736;1.30752;-0.00016
1.30723;1.30739;-0.00016
1.30774;1.3079;-0.00016
1.30748;1.30764;-0.00016
1.30761;1.30777;-0.00016
1.30723;1.30739;-0.00016
1.30753;1.30769;-0.00016
1.30754;1.3077;-0.00016
1.30724;1.3074;-0.00016
1.30746;1.30762;-0.00016
1.30703;1.30719;-0.00016
1.3081;1.30826;-0.00016
1.30788;1.30804;-0.00016
1.30874;1.3089;-0.00016
1.30853;1.30869;-0.00016
1.30938;1.30954;-0.00016
1.30895;1.30911;-0.00016
1.30917;1.30933;-0.00016
1.30853;1.30869;-0.00016
1.30925;1.30941;-0.00016
1.30923;1.30939;-0.00016
1.31051;1.31067;-0.00016
1.31025;1.31041;-0.00016
1.31127;1.31143;-0.00016
1.31102;1.31118;-0.00016
1.31204;1.3122;-0.00016
1.31153;1.31169;-0.00016
1.31178;1.31194;-0.00016
1.31102;1.31118;-0.00016
1.31197;1.31213;-0.00016
1.31196;1.31212;-0.00016
1.31344;1.3136;-0.00016
1.31322;1.31338;-0.00016
1.31367;1.31383;-0.00016
1.31276;1.31292;-0.00016
1.31299;1.31315;-0.00016
1.31209;1.31225;-0.00016
1.31231;1.31247;-0.00016
1.31118;1.31134;-0.00016
1.31163;1.31179;-0.00016
1.31141;1.31157;-0.00016
1.31209;1.31225;-0.00016
1.31146;1.31162;-0.00016
1.31148;1.31164;-0.00016
1.31168;1.31184;-0.00016
1.31141;1.31157;-0.00016
1.31194;1.3121;-0.00016
1.31089;1.31105;-0.00016
1.31115;1.31131;-0.00016
1.3101;1.31026;-0.00016
1.31036;1.31052;-0.00016
1.30905;1.30921;-0.00016
1.30958;1.30974;-0.00016
1.30931;1.30947;-0.00016
1.3101;1.31026;-0.00016
1.30908;1.30924;-0.00016
1.30907;1.30923;-0.00016
1.30842;1.30858;-0.00016
1.30853;1.30869;-0.00016
1.3083;1.30846;-0.00016
1.30888;1.30904;-0.00016
1.30877;1.30893;-0.00016
1.30923;1.30939;-0.00016
1.30911;1.30927;-0.00016
1.30958;1.30974;-0.00016
1.30935;1.30951;-0.00016
1.30946;1.30962;-0.00016
1.30911;1.30927;-0.00016
1.30936;1.30952;-0.00016
1.30931;1.30947;-0.00016
1.30928;1.30944;-0.00016
1.30914;1.3093;-0.00016
1.30941;1.30957;-0.00016
1.30888;1.30904;-0.00016
1.30901;1.30917;-0.00016
1.30848;1.30864;-0.00016
1.30861;1.30877;-0.00016
1.30795;1.30811;-0.00016
1.30822;1.30838;-0.00016
1.30808;1.30824;-0.00016
1.30848;1.30864;-0.00016
1.30921;1.30937;-0.00016
1.3092;1.30936;-0.00016
1.31093;1.31109;-0.00016
1.31062;1.31078;-0.00016
1.31124;1.3114;-0.00016
1.31;1.31016;-0.00016
1.31031;1.31047;-0.00016
1.30908;1.30924;-0.00016
1.30939;1.30955;-0.00016
1.30784;1.308;-0.00016
1.30846;1.30862;-0.00016
1.30815;1.30831;-0.00016
1.30908;1.30924;-0.00016
1.30828;1.30844;-0.00016
1.30825;1.30841;-0.00016
1.30862;1.30878;-0.00016
1.30841;1.30857;-0.00016
1.30882;1.30898;-0.00016
1.30801;1.30817;-0.00016
1.30821;1.30837;-0.00016
1.3074;1.30756;-0.00016
1.3076;1.30776;-0.00016
1.30659;1.30675;-0.00016
1.307;1.30716;-0.00016
1.30679;1.30695;-0.00016
1.3074;1.30756;-0.00016
1.30773;1.30789;-0.00016
1.30823;1.30839;-0.00016
1.30795;1.30811;-0.00016
1.30852;1.30868;-0.00016
1.30738;1.30754;-0.00016
1.30766;1.30782;-0.00016
1.30652;1.30668;-0.00016
1.30681;1.30697;-0.00016
1.30538;1.30554;-0.00016
1.30595;1.30611;-0.00016
1.30567;1.30583;-0.00016
1.30652;1.30668;-0.00016
1.30689;1.30705;-0.00016
1.30691;1.30707;-0.00016
1.30634;1.3065;-0.00016
1.30643;1.30659;-0.00016
1.30625;1.30641;-0.00016
1.3067;1.30686;-0.00016
1.30661;1.30677;-0.00016
1.30697;1.30713;-0.00016
1.30688;1.30704;-0.00016
1.30724;1.3074;-0.00016
1.30706;1.30722;-0.00016
1.30715;1.30731;-0.00016
1.30688;1.30704;-0.00016
1.30708;1.30724;-0.00016
1.30707;1.30723;-0.00016
1.30723;1.30739;-0.00016
1.3074;1.30756;-0.00016
1.30706;1.30722;-0.00016
1.30791;1.30807;-0.00016
1.30774;1.3079;-0.00016
1.30841;1.30857;-0.00016
1.30824;1.3084;-0.00016
1.30892;1.30908;-0.00016
1.30858;1.30874;-0.00016
1.30875;1.30891;-0.00016
1.30824;1.3084;-0.00016
1.3088;1.30896;-0.00016
1.3088;1.30896;-0.00016
1.30864;1.3088;-0.00016
1.30878;1.30894;-0.00016
1.30851;1.30867;-0.00016
1.30918;1.30934;-0.00016
1.30905;1.30921;-0.00016
1.30959;1.30975;-0.00016
1.30945;1.30961;-0.00016
1.30999;1.31015;-0.00016
1.30972;1.30988;-0.00016
1.30986;1.31002;-0.00016
1.30945;1.30961;-0.00016
1.30959;1.30975;-0.00016
1.30965;1.30981;-0.00016
1.3099;1.31006;-0.00016
1.30982;1.30998;-0.00016
1.30998;1.31014;-0.00016
1.30965;1.30981;-0.00016
1.30973;1.30989;-0.00016
1.30941;1.30957;-0.00016
1.30949;1.30965;-0.00016
1.30908;1.30924;-0.00016
1.30924;1.3094;-0.00016
1.30916;1.30932;-0.00016
1.30941;1.30957;-0.00016
1.30939;1.30955;-0.00016
1.30941;1.30957;-0.00016
1.30969;1.30985;-0.00016
1.30955;1.30971;-0.00016
1.30982;1.30998;-0.00016
1.30929;1.30945;-0.00016
1.30942;1.30958;-0.00016
1.30888;1.30904;-0.00016
1.30902;1.30918;-0.00016
1.30835;1.30851;-0.00016
1.30862;1.30878;-0.00016
1.30848;1.30864;-0.00016
1.30888;1.30904;-0.00016
1.30877;1.30893;-0.00016
1.30878;1.30894;-0.00016
1.30876;1.30892;-0.00016
1.3086;1.30876;-0.00016
1.30892;1.30908;-0.00016
1.30828;1.30844;-0.00016
1.30844;1.3086;-0.00016
1.3078;1.30796;-0.00016
1.30796;1.30812;-0.00016
1.30716;1.30732;-0.00016
1.30748;1.30764;-0.00016
1.30732;1.30748;-0.00016
1.3078;1.30796;-0.00016
1.30757;1.30773;-0.00016
1.30757;1.30773;-0.00016
1.30795;1.30811;-0.00016
1.30785;1.30801;-0.00016
1.30805;1.30821;-0.00016
1.30765;1.30781;-0.00016
1.30775;1.30791;-0.00016
1.30736;1.30752;-0.00016
1.30746;1.30762;-0.00016
1.30696;1.30712;-0.00016
1.30716;1.30732;-0.00016
1.30706;1.30722;-0.00016
1.30736;1.30752;-0.00016
1.30751;1.30767;-0.00016
1.30753;1.30769;-0.00016
1.30759;1.30775;-0.00016
1.30767;1.30783;-0.00016
1.3075;1.30766;-0.00016
1.30794;1.3081;-0.00016
1.30785;1.30801;-0.00016
1.3082;1.30836;-0.00016
1.30811;1.30827;-0.00016
1.30846;1.30862;-0.00016
1.30829;1.30845;-0.00016
1.30837;1.30853;-0.00016
1.30811;1.30827;-0.00016
1.308;1.30816;-0.00016
1.30802;1.30818;-0.00016
1.30773;1.30789;-0.00016
1.30781;1.30797;-0.00016
1.30765;1.30781;-0.00016
1.30806;1.30822;-0.00016
1.30798;1.30814;-0.00016
1.3083;1.30846;-0.00016
1.30822;1.30838;-0.00016
1.30855;1.30871;-0.00016
1.30839;1.30855;-0.00016
1.30847;1.30863;-0.00016
1.30822;1.30838;-0.00016
1.3082;1.30836;-0.00016
1.30821;1.30837;-0.00016
1.30828;1.30844;-0.00016
1.30823;1.30839;-0.00016
1.30834;1.3085;-0.00016
1.30811;1.30827;-0.00016
1.30817;1.30833;-0.00016
1.30795;1.30811;-0.00016
1.308;1.30816;-0.00016
1.30772;1.30788;-0.00016
1.30783;1.30799;-0.00016
1.30778;1.30794;-0.00016
1.30795;1.30811;-0.00016
1.30807;1.30823;-0.00016
1.30808;1.30824;-0.00016
1.30779;1.30795;-0.00016
1.30784;1.308;-0.00016
1.30774;1.3079;-0.00016
1.30799;1.30815;-0.00016
1.30794;1.3081;-0.00016
1.30814;1.3083;-0.00016
1.30809;1.30825;-0.00016
1.30829;1.30845;-0.00016
1.30827;1.30843;-0.00016
1.30844;1.3086;-0.00016
1.30838;1.30854;-0.00016
1.3085;1.30866;-0.00016
1.30826;1.30842;-0.00016
1.30832;1.30848;-0.00016
1.30808;1.30824;-0.00016
1.30814;1.3083;-0.00016
1.30784;1.308;-0.00016
1.30796;1.30812;-0.00016
1.3079;1.30806;-0.00016
1.30808;1.30824;-0.00016
1.30815;1.30831;-0.00016
1.30815;1.30831;-0.00016
1.30808;1.30824;-0.00016
1.30812;1.30828;-0.00016
1.30804;1.3082;-0.00016
1.30825;1.30841;-0.00016
1.30821;1.30837;-0.00016
1.30837;1.30853;-0.00016
1.30833;1.30849;-0.00016
1.3085;1.30866;-0.00016
1.30842;1.30858;-0.00016
1.30846;1.30862;-0.00016
1.30833;1.30849;-0.00016
1.30821;1.30837;-0.00016
1.3082;1.30836;-0.00016
1.30823;1.30839;-0.00016
1.30816;1.30832;-0.00016
1.3083;1.30846;-0.00016
1.30803;1.30819;-0.00016
1.3081;1.30826;-0.00016
1.30782;1.30798;-0.00016
1.30789;1.30805;-0.00016
1.30755;1.30771;-0.00016
1.30769;1.30785;-0.00016
1.30762;1.30778;-0.00016
1.30782;1.30798;-0.00016
1.30792;1.30808;-0.00016
1.30793;1.30809;-0.00016
1.30803;1.30819;-0.00016
1.30798;1.30814;-0.00016
1.30809;1.30825;-0.00016
1.30787;1.30803;-0.00016
1.30792;1.30808;-0.00016
1.3077;1.30786;-0.00016
1.30776;1.30792;-0.00016
1.30748;1.30764;-0.00016
1.30759;1.30775;-0.00016
1.30754;1.3077;-0.00016
1.3077;1.30786;-0.00016
1.30762;1.30778;-0.00016
1.30763;1.30779;-0.00016
1.30768;1.30784;-0.00016
1.30761;1.30777;-0.00016
1.30775;1.30791;-0.00016
1.30747;1.30763;-0.00016
1.30754;1.3077;-0.00016
1.30726;1.30742;-0.00016
1.30733;1.30749;-0.00016
1.30698;1.30714;-0.00016
1.30712;1.30728;-0.00016
1.30705;1.30721;-0.00016
1.30726;1.30742;-0.00016
1.30721;1.30737;-0.00016
1.30722;1.30738;-0.00016
1.30764;1.3078;-0.00016
1.30753;1.30769;-0.00016
1.30774;1.3079;-0.00016
1.30733;1.30749;-0.00016
1.30743;1.30759;-0.00016
1.30701;1.30717;-0.00016
1.30712;1.30728;-0.00016
1.3066;1.30676;-0.00016
1.30681;1.30697;-0.00016
1.3067;1.30686;-0.00016
1.30701;1.30717;-0.00016
1.3067;1.30686;-0.00016
1.30668;1.30684;-0.00016
1.30678;1.30694;-0.00016
1.30659;1.30675;-0.00016
1.30706;1.30722;-0.00016
1.30697;1.30713;-0.00016
1.30735;1.30751;-0.00016
1.30725;1.30741;-0.00016
1.30763;1.30779;-0.00016
1.30744;1.3076;-0.00016
1.30754;1.3077;-0.00016
1.30725;1.30741;-0.00016
1.30761;1.30777;-0.00016
1.3076;1.30776;-0.00016
1.30728;1.30744;-0.00016
1.30737;1.30753;-0.00016
1.30718;1.30734;-0.00016
1.30767;1.30783;-0.00016
1.30757;1.30773;-0.00016
1.30796;1.30812;-0.00016
1.30786;1.30802;-0.00016
1.30825;1.30841;-0.00016
1.30806;1.30822;-0.00016
1.30815;1.30831;-0.00016
1.30786;1.30802;-0.00016
1.30768;1.30784;-0.00016
1.30757;1.30773;-0.00016
1.30764;1.3078;-0.00016
1.30751;1.30767;-0.00016
1.30782;1.30798;-0.00016
1.30776;1.30792;-0.00016
1.30801;1.30817;-0.00016
1.30795;1.30811;-0.00016
1.3082;1.30836;-0.00016
1.30807;1.30823;-0.00016
1.30814;1.3083;-0.00016
1.30795;1.30811;-0.00016
1.30779;1.30795;-0.00016
1.30778;1.30794;-0.00016
1.30774;1.3079;-0.00016
1.30788;1.30804;-0.00016
1.30761;1.30777;-0.00016
1.30828;1.30844;-0.00016
1.30815;1.30831;-0.00016
1.30869;1.30885;-0.00016
1.30855;1.30871;-0.00016
1.30909;1.30925;-0.00016
1.30882;1.30898;-0.00016
1.30896;1.30912;-0.00016
1.30855;1.30871;-0.00016
1.30898;1.30914;-0.00016
1.30897;1.30913;-0.00016
1.3094;1.30956;-0.00016
1.3093;1.30946;-0.00016
1.30949;1.30965;-0.00016
1.30911;1.30927;-0.00016
1.30921;1.30937;-0.00016
1.30883;1.30899;-0.00016
1.30892;1.30908;-0.00016
1.30845;1.30861;-0.00016
1.30864;1.3088;-0.00016
1.30854;1.3087;-0.00016
1.30883;1.30899;-0.00016
1.30873;1.30889;-0.00016
1.30872;1.30888;-0.00016
1.30886;1.30902;-0.00016
1.30879;1.30895;-0.00016
1.30892;1.30908;-0.00016
1.30867;1.30883;-0.00016
1.30873;1.30889;-0.00016
1.30847;1.30863;-0.00016
1.30854;1.3087;-0.00016
1.30822;1.30838;-0.00016
1.30835;1.30851;-0.00016
1.30828;1.30844;-0.00016
1.30847;1.30863;-0.00016
1.30859;1.30875;-0.00016
1.3086;1.30876;-0.00016
1.30859;1.30875;-0.00016
1.30869;1.30885;-0.00016
1.3085;1.30866;-0.00016
1.30897;1.30913;-0.00016
1.30888;1.30904;-0.00016
1.30926;1.30942;-0.00016
1.30916;1.30932;-0.00016
1.30954;1.3097;-0.00016
1.30935;1.30951;-0.00016
1.30945;1.30961;-0.00016
1.30916;1.30932;-0.00016
1.30903;1.30919;-0.00016
1.30908;1.30924;-0.00016
1.3092;1.30936;-0.00016
1.30917;1.30933;-0.00016
1.30924;1.3094;-0.00016
1.30909;1.30925;-0.00016
1.30913;1.30929;-0.00016
1.30899;1.30915;-0.00016
1.30902;1.30918;-0.00016
1.30884;1.309;-0.00016
1.30891;1.30907;-0.00016
1.30888;1.30904;-0.00016
1.30899;1.30915;-0.00016
1.30906;1.30922;-0.00016
1.3091;1.30926;-0.00016
1.30892;1.30908;-0.00016
1.30898;1.30914;-0.00016
1.30885;1.30901;-0.00016
1.30918;1.30934;-0.00016
1.30912;1.30928;-0.00016
1.30938;1.30954;-0.00016
1.30931;1.30947;-0.00016
1.30958;1.30974;-0.00016
1.30945;1.30961;-0.00016
1.30951;1.30967;-0.00016
1.30931;1.30947;-0.00016
1.30943;1.30959;-0.00016
1.30946;1.30962;-0.00016
1.30897;1.30913;-0.00016
1.30915;1.30931;-0.00016
1.30878;1.30894;-0.00016
1.30971;1.30987;-0.00016
1.30953;1.30969;-0.00016
1.31027;1.31043;-0.00016
1.31008;1.31024;-0.00016
1.31083;1.31099;-0.00016
1.31046;1.31062;-0.00016
1.31064;1.3108;-0.00016
1.31008;1.31024;-0.00016
1.30977;1.30993;-0.00016
1.30936;1.30952;-0.00016
1.30945;1.30961;-0.00016
1.30926;1.30942;-0.00016
1.30974;1.3099;-0.00016
1.30964;1.3098;-0.00016
1.31002;1.31018;-0.00016
1.30993;1.31009;-0.00016
1.31031;1.31047;-0.00016
1.31012;1.31028;-0.00016
1.31021;1.31037;-0.00016
1.30993;1.31009;-0.00016
1.31018;1.31034;-0.00016
1.31021;1.31037;-0.00016
1.30999;1.31015;-0.00016
1.3101;1.31026;-0.00016
1.30988;1.31004;-0.00016
1.31043;1.31059;-0.00016
1.31032;1.31048;-0.00016
1.31077;1.31093;-0.00016
1.31066;1.31082;-0.00016
1.3111;1.31126;-0.00016
1.31088;1.31104;-0.00016
1.31099;1.31115;-0.00016
1.31066;1.31082;-0.00016
1.31058;1.31074;-0.00016
1.31062;1.31078;-0.00016
1.31078;1.31094;-0.00016
1.311;1.31116;-0.00016
1.31056;1.31072;-0.00016
1.31166;1.31182;-0.00016
1.31144;1.3116;-0.00016
1.31231;1.31247;-0.00016
1.31209;1.31225;-0.00016
1.31297;1.31313;-0.00016
1.31253;1.31269;-0.00016
1.31275;1.31291;-0.00016
1.31209;1.31225;-0.00016
1.31293;1.31309;-0.00016
1.31294;1.3131;-0.00016
1.31311;1.31327;-0.00016
1.31294;1.3131;-0.00016
1.31327;1.31343;-0.00016
1.31261;1.31277;-0.00016
1.31278;1.31294;-0.00016
1.31212;1.31228;-0.00016
1.31228;1.31244;-0.00016
1.31146;1.31162;-0.00016
1.31179;1.31195;-0.00016
1.31162;1.31178;-0.00016
1.31212;1.31228;-0.00016
1.31184;1.312;-0.00016
1.31186;1.31202;-0.00016
1.31191;1.31207;-0.00016
1.3117;1.31186;-0.00016
1.31212;1.31228;-0.00016
1.31129;1.31145;-0.00016
1.3115;1.31166;-0.00016
1.31066;1.31082;-0.00016
1.31087;1.31103;-0.00016
1.30983;1.30999;-0.00016
1.31025;1.31041;-0.00016
1.31004;1.3102;-0.00016
1.31066;1.31082;-0.00016
1.31017;1.31033;-0.00016
1.31018;1.31034;-0.00016
1.30945;1.30961;-0.00016
1.30977;1.30993;-0.00016
1.30913;1.30929;-0.00016
1.31074;1.3109;-0.00016
1.31042;1.31058;-0.00016
1.3117;1.31186;-0.00016
1.31138;1.31154;-0.00016
1.31267;1.31283;-0.00016
1.31203;1.31219;-0.00016
1.31235;1.31251;-0.00016
1.31138;1.31154;-0.00016
1.31224;1.3124;-0.00016
1.31225;1.31241;-0.00016
1.31274;1.3129;-0.00016
1.31258;1.31274;-0.00016
1.31289;1.31305;-0.00016
1.31228;1.31244;-0.00016
1.31243;1.31259;-0.00016
1.31182;1.31198;-0.00016
1.31197;1.31213;-0.00016
1.31121;1.31137;-0.00016
1.31152;1.31168;-0.00016
1.31136;1.31152;-0.00016
1.31182;1.31198;-0.00016
1.31132;1.31148;-0.00016
1.31131;1.31147;-0.00016
1.3125;1.31266;-0.00016
1.3123;1.31246;-0.00016
1.31271;1.31287;-0.00016
1.31188;1.31204;-0.00016
1.31209;1.31225;-0.00016
1.31127;1.31143;-0.00016
1.31147;1.31163;-0.00016
1.31044;1.3106;-0.00016
1.31085;1.31101;-0.00016
1.31065;1.31081;-0.00016
1.31127;1.31143;-0.00016
1.31124;1.3114;-0.00016
1.30954;1.3097;-0.00016
1.31;1.31016;-0.00016
1.30908;1.30924;-0.00016
1.31137;1.31153;-0.00016
1.31091;1.31107;-0.00016
1.31275;1.31291;-0.00016
1.31229;1.31245;-0.00016
1.31412;1.31428;-0.00016
1.3132;1.31336;-0.00016
1.31366;1.31382;-0.00016
1.31229;1.31245;-0.00016
1.31379;1.31395;-0.00016
1.31377;1.31393;-0.00016
1.31387;1.31403;-0.00016
1.31404;1.3142;-0.00016
1.31369;1.31385;-0.00016
1.31458;1.31474;-0.00016
1.3144;1.31456;-0.00016
1.31511;1.31527;-0.00016
1.31493;1.31509;-0.00016
1.31564;1.3158;-0.00016
1.31529;1.31545;-0.00016
1.31546;1.31562;-0.00016
1.31493;1.31509;-0.00016
1.31405;1.31421;-0.00016
1.3134;1.31356;-0.00016
1.31357;1.31373;-0.00016
1.31322;1.31338;-0.00016
1.31411;1.31427;-0.00016
1.31393;1.31409;-0.00016
1.31464;1.3148;-0.00016
1.31446;1.31462;-0.00016
1.31517;1.31533;-0.00016
1.31482;1.31498;-0.00016
1.31499;1.31515;-0.00016
1.31446;1.31462;-0.00016
1.31436;1.31452;-0.00016
1.31437;1.31453;-0.00016
1.31466;1.31482;-0.00016
1.31454;1.3147;-0.00016
1.31477;1.31493;-0.00016
1.31431;1.31447;-0.00016
1.31443;1.31459;-0.00016
1.31397;1.31413;-0.00016
1.31408;1.31424;-0.00016
1.31351;1.31367;-0.00016
1.31374;1.3139;-0.00016
1.31362;1.31378;-0.00016
1.31397;1.31413;-0.00016
1.31401;1.31417;-0.00016
1.31466;1.31482;-0.00016
1.31456;1.31472;-0.00016
1.31477;1.31493;-0.00016
1.31434;1.3145;-0.00016
1.31445;1.31461;-0.00016
1.31403;1.31419;-0.00016
1.31413;1.31429;-0.00016
1.3136;1.31376;-0.00016
1.31381;1.31397;-0.00016
1.31371;1.31387;-0.00016
1.31403;1.31419;-0.00016
1.31376;1.31392;-0.00016
1.31377;1.31393;-0.00016
1.31406;1.31422;-0.00016
1.31388;1.31404;-0.00016
1.31424;1.3144;-0.00016
1.31352;1.31368;-0.00016
1.3137;1.31386;-0.00016
1.31297;1.31313;-0.00016
1.31315;1.31331;-0.00016
1.31225;1.31241;-0.00016
1.31261;1.31277;-0.00016
1.31243;1.31259;-0.00016
1.31297;1.31313;-0.00016
1.31226;1.31242;-0.00016
1.31218;1.31234;-0.00016
1.31235;1.31251;-0.00016
1.31201;1.31217;-0.00016
1.31286;1.31302;-0.00016
1.31269;1.31285;-0.00016
1.31337;1.31353;-0.00016
1.3132;1.31336;-0.00016
1.31388;1.31404;-0.00016
1.31354;1.3137;-0.00016
1.31371;1.31387;-0.00016
1.3132;1.31336;-0.00016
1.3137;1.31386;-0.00016
1.31369;1.31385;-0.00016
1.31226;1.31242;-0.00016
1.31247;1.31263;-0.00016
1.31206;1.31222;-0.00016
1.31307;1.31323;-0.00016
1.31287;1.31303;-0.00016
1.31368;1.31384;-0.00016
1.31348;1.31364;-0.00016
1.31429;1.31445;-0.00016
1.31388;1.31404;-0.00016
1.31409;1.31425;-0.00016
1.31348;1.31364;-0.00016
1.31399;1.31415;-0.00016
1.31398;1.31414;-0.00016
1.31454;1.3147;-0.00016
1.31437;1.31453;-0.00016
1.31471;1.31487;-0.00016
1.31404;1.3142;-0.00016
1.31421;1.31437;-0.00016
1.31353;1.31369;-0.00016
1.3137;1.31386;-0.00016
1.31286;1.31302;-0.00016
1.3132;1.31336;-0.00016
1.31303;1.31319;-0.00016
1.31353;1.31369;-0.00016
1.31316;1.31332;-0.00016
1.31317;1.31333;-0.00016
1.31329;1.31345;-0.00016
1.31349;1.31365;-0.00016
1.31309;1.31325;-0.00016
1.31409;1.31425;-0.00016
1.31389;1.31405;-0.00016
1.31469;1.31485;-0.00016
1.31449;1.31465;-0.00016
1.31529;1.31545;-0.00016
1.31489;1.31505;-0.00016
1.31509;1.31525;-0.00016
1.31449;1.31465;-0.00016
1.31376;1.31392;-0.00016
1.31432;1.31448;-0.00016
1.31408;1.31424;-0.00016
1.31457;1.31473;-0.00016
1.31359;1.31375;-0.00016
1.31383;1.31399;-0.00016
1.31285;1.31301;-0.00016
1.3131;1.31326;-0.00016
1.31187;1.31203;-0.00016
1.31236;1.31252;-0.00016
1.31212;1.31228;-0.00016
1.31285;1.31301;-0.00016
1.31202;1.31218;-0.00016
1.31204;1.3122;-0.00016
1.31196;1.31212;-0.00016
1.31181;1.31197;-0.00016
1.31211;1.31227;-0.00016
1.31151;1.31167;-0.00016
1.31166;1.31182;-0.00016
1.31106;1.31122;-0.00016
1.31121;1.31137;-0.00016
1.31046;1.31062;-0.00016
1.31076;1.31092;-0.00016
1.31061;1.31077;-0.00016
1.31106;1.31122;-0.00016
1.31094;1.3111;-0.00016
1.31113;1.31129;-0.00016
1.31104;1.3112;-0.00016
1.31123;1.31139;-0.00016
1.31084;1.311;-0.00016
1.31094;1.3111;-0.00016
1.31056;1.31072;-0.00016
1.31065;1.31081;-0.00016
1.31017;1.31033;-0.00016
1.31036;1.31052;-0.00016
1.31027;1.31043;-0.00016
1.31056;1.31072;-0.00016
1.31026;1.31042;-0.00016
1.31025;1.31041;-0.00016
1.31038;1.31054;-0.00016
1.31053;1.31069;-0.00016
1.31024;1.3104;-0.00016
1.31096;1.31112;-0.00016
1.31081;1.31097;-0.00016
1.31139;1.31155;-0.00016
1.31125;1.31141;-0.00016
1.31182;1.31198;-0.00016
1.31153;1.31169;-0.00016
1.31168;1.31184;-0.00016
1.31125;1.31141;-0.00016
1.31153;1.31169;-0.00016
1.31151;1.31167;-0.00016
1.31104;1.3112;-0.00016
1.31112;1.31128;-0.00016
1.31096;1.31112;-0.00016
1.31135;1.31151;-0.00016
1.31127;1.31143;-0.00016
1.31159;1.31175;-0.00016
1.31151;1.31167;-0.00016
1.31182;1.31198;-0.00016
1.31166;1.31182;-0.00016
1.31174;1.3119;-0.00016
1.31151;1.31167;-0.00016
1.31172;1.31188;-0.00016
1.31177;1.31193;-0.00016
1.31168;1.31184;-0.00016
1.31155;1.31171;-0.00016
1.31181;1.31197;-0.00016
1.31128;1.31144;-0.00016
1.31141;1.31157;-0.00016
1.31089;1.31105;-0.00016
1.31102;1.31118;-0.00016
1.31036;1.31052;-0.00016
1.31062;1.31078;-0.00016
1.31049;1.31065;-0.00016
1.31089;1.31105;-0.00016
1.31068;1.31084;-0.00016
1.31071;1.31087;-0.00016
1.31095;1.31111;-0.00016
1.31089;1.31105;-0.00016
1.31101;1.31117;-0.00016
1.31076;1.31092;-0.00016
1.31082;1.31098;-0.00016
1.31058;1.31074;-0.00016
1.31064;1.3108;-0.00016
1.31033;1.31049;-0.00016
1.31045;1.31061;-0.00016
1.31039;1.31055;-0.00016
1.31058;1.31074;-0.00016
1.31062;1.31078;-0.00016
1.31062;1.31078;-0.00016
1.31057;1.31073;-0.00016
1.31044;1.3106;-0.00016
1.31069;1.31085;-0.00016
1.3102;1.31036;-0.00016
1.31032;1.31048;-0.00016
1.30983;1.30999;-0.00016
1.30995;1.31011;-0.00016
1.30934;1.3095;-0.00016
1.30959;1.30975;-0.00016
1.30946;1.30962;-0.00016
1.30983;1.30999;-0.00016
1.30968;1.30984;-0.00016
1.30969;1.30985;-0.00016
1.30952;1.30968;-0.00016
1.30957;1.30973;-0.00016
1.30947;1.30963;-0.00016
1.30972;1.30988;-0.00016
1.30967;1.30983;-0.00016
1.30988;1.31004;-0.00016
1.30983;1.30999;-0.00016
1.31003;1.31019;-0.00016
1.30993;1.31009;-0.00016
1.30998;1.31014;-0.00016
1.30983;1.30999;-0.00016
1.30986;1.31002;-0.00016
1.30987;1.31003;-0.00016
1.30989;1.31005;-0.00016
1.30995;1.31011;-0.00016
1.30983;1.30999;-0.00016
1.31013;1.31029;-0.00016
1.31007;1.31023;-0.00016
1.3103;1.31046;-0.00016
1.31024;1.3104;-0.00016
1.31048;1.31064;-0.00016
1.31036;1.31052;-0.00016
1.31042;1.31058;-0.00016
1.31024;1.3104;-0.00016
1.30995;1.31011;-0.00016
1.30996;1.31012;-0.00016
1.30995;1.31011;-0.00016
1.31;1.31016;-0.00016
1.30989;1.31005;-0.00016
1.31018;1.31034;-0.00016
1.31012;1.31028;-0.00016
1.31035;1.31051;-0.00016
1.31029;1.31045;-0.00016
1.31052;1.31068;-0.00016
1.31041;1.31057;-0.00016
1.31046;1.31062;-0.00016
1.31029;1.31045;-0.00016
1.3105;1.31066;-0.00016
1.31051;1.31067;-0.00016
1.31053;1.31069;-0.00016
1.31058;1.31074;-0.00016
1.31047;1.31063;-0.00016
1.31075;1.31091;-0.00016
1.31069;1.31085;-0.00016
1.31091;1.31107;-0.00016
1.31086;1.31102;-0.00016
1.31108;1.31124;-0.00016
1.31097;1.31113;-0.00016
1.31102;1.31118;-0.00016
1.31086;1.31102;-0.00016
1.3107;1.31086;-0.00016
1.31069;1.31085;-0.00016
1.31054;1.3107;-0.00016
1.31058;1.31074;-0.00016
1.31051;1.31067;-0.00016
1.31068;1.31084;-0.00016
1.31064;1.3108;-0.00016
1.31078;1.31094;-0.00016
1.31075;1.31091;-0.00016
1.31088;1.31104;-0.00016
1.31081;1.31097;-0.00016
1.31085;1.31101;-0.00016
1.31075;1.31091;-0.00016
1.31084;1.311;-0.00016
1.31087;1.31103;-0.00016
1.31106;1.31122;-0.00016
1.31103;1.31119;-0.00016
1.3111;1.31126;-0.00016
1.31095;1.31111;-0.00016
1.31099;1.31115;-0.00016
1.31085;1.31101;-0.00016
1.31088;1.31104;-0.00016
1.3107;1.31086;-0.00016
1.31077;1.31093;-0.00016
1.31074;1.3109;-0.00016
1.31085;1.31101;-0.00016
1.31082;1.31098;-0.00016
1.31083;1.31099;-0.00016
1.31077;1.31093;-0.00016
1.3108;1.31096;-0.00016
1.31075;1.31091;-0.00016
1.31086;1.31102;-0.00016
1.31084;1.311;-0.00016
1.31093;1.31109;-0.00016
1.31091;1.31107;-0.00016
1.311;1.31116;-0.00016
1.31095;1.31111;-0.00016
1.31098;1.31114;-0.00016
1.31091;1.31107;-0.00016
1.31096;1.31112;-0.00016
1.31095;1.31111;-0.00016
1.31098;1.31114;-0.00016
1.31096;1.31112;-0.00016
1.311;1.31116;-0.00016
1.31093;1.31109;-0.00016
1.31095;1.31111;-0.00016
1.31087;1.31103;-0.00016
1.31089;1.31105;-0.00016
1.3108;1.31096;-0.00016
1.31084;1.311;-0.00016
1.31082;1.31098;-0.00016
1.31087;1.31103;-0.00016
1.31088;1.31104;-0.00016
1.31089;1.31105;-0.00016
1.31094;1.3111;-0.00016
1.31103;1.31119;-0.00016
1.31085;1.31101;-0.00016
1.3113;1.31146;-0.00016
1.31121;1.31137;-0.00016
1.31156;1.31172;-0.00016
1.31147;1.31163;-0.00016
1.31183;1.31199;-0.00016
1.31165;1.31181;-0.00016
1.31174;1.3119;-0.00016
1.31147;1.31163;-0.00016
1.3117;1.31186;-0.00016
1.31169;1.31185;-0.00016
1.31201;1.31217;-0.00016
1.31195;1.31211;-0.00016
1.31221;1.31237;-0.00016
1.31214;1.3123;-0.00016
1.3124;1.31256;-0.00016
1.31227;1.31243;-0.00016
1.31234;1.3125;-0.00016
1.31214;1.3123;-0.00016
1.31225;1.31241;-0.00016
1.31226;1.31242;-0.00016
1.31223;1.31239;-0.00016
1.31216;1.31232;-0.00016
1.3123;1.31246;-0.00016
1.31203;1.31219;-0.00016
1.3121;1.31226;-0.00016
1.31182;1.31198;-0.00016
1.31189;1.31205;-0.00016
1.31155;1.31171;-0.00016
1.31169;1.31185;-0.00016
1.31162;1.31178;-0.00016
1.31182;1.31198;-0.00016
1.31181;1.31197;-0.00016
1.31181;1.31197;-0.00016
1.31183;1.31199;-0.00016
1.31179;1.31195;-0.00016
1.31188;1.31204;-0.00016
1.3117;1.31186;-0.00016
1.31174;1.3119;-0.00016
1.31156;1.31172;-0.00016
1.31161;1.31177;-0.00016
1.31138;1.31154;-0.00016
1.31147;1.31163;-0.00016
1.31143;1.31159;-0.00016
1.31156;1.31172;-0.00016
1.31144;1.3116;-0.00016
1.31143;1.31159;-0.00016
1.31155;1.31171;-0.00016
1.31152;1.31168;-0.00016
1.31159;1.31175;-0.00016
1.31145;1.31161;-0.00016
1.31148;1.31164;-0.00016
1.31134;1.3115;-0.00016
1.31138;1.31154;-0.00016
1.3112;1.31136;-0.00016
1.31127;1.31143;-0.00016
1.31124;1.3114;-0.00016
1.31134;1.3115;-0.00016
1.31138;1.31154;-0.00016
1.31139;1.31155;-0.00016
1.31143;1.31159;-0.00016
1.31135;1.31151;-0.00016
1.31152;1.31168;-0.00016
1.31118;1.31134;-0.00016
1.31126;1.31142;-0.00016
1.31092;1.31108;-0.00016
1.31101;1.31117;-0.00016
1.31058;1.31074;-0.00016
1.31075;1.31091;-0.00016
1.31067;1.31083;-0.00016
1.31092;1.31108;-0.00016
1.31078;1.31094;-0.00016
1.3108;1.31096;-0.00016
1.31077;1.31093;-0.00016
1.31085;1.31101;-0.00016
1.31069;1.31085;-0.00016
1.3111;1.31126;-0.00016
1.31102;1.31118;-0.00016
1.31134;1.3115;-0.00016
1.31126;1.31142;-0.00016
1.31159;1.31175;-0.00016
1.31143;1.31159;-0.00016
1.31151;1.31167;-0.00016
1.31126;1.31142;-0.00016
1.31125;1.31141;-0.00016
1.31094;1.3111;-0.00016
1.311;1.31116;-0.00016
1.31088;1.31104;-0.00016
1.31118;1.31134;-0.00016
1.31112;1.31128;-0.00016
1.31135;1.31151;-0.00016
1.31129;1.31145;-0.00016
1.31153;1.31169;-0.00016
1.31141;1.31157;-0.00016
1.31147;1.31163;-0.00016
1.31129;1.31145;-0.00016
1.31141;1.31157;-0.00016
1.31142;1.31158;-0.00016
1.31156;1.31172;-0.00016
1.31177;1.31193;-0.00016
1.31134;1.3115;-0.00016
1.31243;1.31259;-0.00016
1.31221;1.31237;-0.00016
1.31308;1.31324;-0.00016
1.31286;1.31302;-0.00016
1.31373;1.31389;-0.00016
1.3133;1.31346;-0.00016
1.31351;1.31367;-0.00016
1.31286;1.31302;-0.00016
1.31367;1.31383;-0.00016
1.31368;1.31384;-0.00016
1.31377;1.31393;-0.00016
1.31367;1.31383;-0.00016
1.31386;1.31402;-0.00016
1.31349;1.31365;-0.00016
1.31358;1.31374;-0.00016
1.3132;1.31336;-0.00016
1.3133;1.31346;-0.00016
1.31283;1.31299;-0.00016
1.31302;1.31318;-0.00016
1.31292;1.31308;-0.00016
1.3132;1.31336;-0.00016
1.31315;1.31331;-0.00016
1.31316;1.31332;-0.00016
1.31284;1.313;-0.00016
1.3129;1.31306;-0.00016
1.31277;1.31293;-0.00016
1.3131;1.31326;-0.00016
1.31303;1.31319;-0.00016
1.31329;1.31345;-0.00016
1.31323;1.31339;-0.00016
1.31349;1.31365;-0.00016
1.31336;1.31352;-0.00016
1.31342;1.31358;-0.00016
1.31323;1.31339;-0.00016
1.3133;1.31346;-0.00016
1.3133;1.31346;-0.00016
1.31326;1.31342;-0.00016
1.31319;1.31335;-0.00016
1.31334;1.3135;-0.00016
1.31303;1.31319;-0.00016
1.31311;1.31327;-0.00016
1.31281;1.31297;-0.00016
1.31288;1.31304;-0.00016
1.3125;1.31266;-0.00016
1.31265;1.31281;-0.00016
1.31258;1.31274;-0.00016
1.31281;1.31297;-0.00016
1.31271;1.31287;-0.00016
1.31272;1.31288;-0.00016
1.31267;1.31283;-0.00016
1.31274;1.3129;-0.00016
1.3126;1.31276;-0.00016
1.31296;1.31312;-0.00016
1.31289;1.31305;-0.00016
1.31317;1.31333;-0.00016
1.3131;1.31326;-0.00016
1.31339;1.31355;-0.00016
1.31325;1.31341;-0.00016
1.31332;1.31348;-0.00016
1.3131;1.31326;-0.00016
1.31318;1.31334;-0.00016
1.31321;1.31337;-0.00016
1.31323;1.31339;-0.00016
1.3133;1.31346;-0.00016
1.31316;1.31332;-0.00016
1.31352;1.31368;-0.00016
1.31345;1.31361;-0.00016
1.31373;1.31389;-0.00016
1.31366;1.31382;-0.00016
1.31395;1.31411;-0.00016
1.31394;1.3141;-0.00016
1.31442;1.31458;-0.00016
1.31434;1.3145;-0.00016
1.31451;1.31467;-0.00016
1.31416;1.31432;-0.00016
1.31425;1.31441;-0.00016
1.31391;1.31407;-0.00016
1.31399;1.31415;-0.00016
1.31356;1.31372;-0.00016
1.31373;1.31389;-0.00016
1.31365;1.31381;-0.00016
1.31391;1.31407;-0.00016
1.31383;1.31399;-0.00016
1.31382;1.31398;-0.00016
1.31372;1.31388;-0.00016
1.31384;1.314;-0.00016
1.31359;1.31375;-0.00016
1.31422;1.31438;-0.00016
1.31409;1.31425;-0.00016
1.31459;1.31475;-0.00016
1.31447;1.31463;-0.00016
1.31497;1.31513;-0.00016
1.31472;1.31488;-0.00016
1.31484;1.315;-0.00016
1.31447;1.31463;-0.00016
1.31426;1.31442;-0.00016
1.31428;1.31444;-0.00016
1.31457;1.31473;-0.00016
1.31441;1.31457;-0.00016
1.31472;1.31488;-0.00016
1.31411;1.31427;-0.00016
1.31426;1.31442;-0.00016
1.31364;1.3138;-0.00016
1.3138;1.31396;-0.00016
1.31303;1.31319;-0.00016
1.31334;1.3135;-0.00016
1.31318;1.31334;-0.00016
1.31364;1.3138;-0.00016
1.31329;1.31345;-0.00016
1.31327;1.31343;-0.00016
1.31273;1.31289;-0.00016
1.31285;1.31301;-0.00016
1.31261;1.31277;-0.00016
1.31322;1.31338;-0.00016
1.3131;1.31326;-0.00016
1.31358;1.31374;-0.00016
1.31346;1.31362;-0.00016
1.31395;1.31411;-0.00016
1.31371;1.31387;-0.00016
1.31383;1.31399;-0.00016
1.31346;1.31362;-0.00016
1.31335;1.31351;-0.00016
1.31337;1.31353;-0.00016
1.31315;1.31331;-0.00016
1.31286;1.31302;-0.00016
1.31345;1.31361;-0.00016
1.31226;1.31242;-0.00016
1.31256;1.31272;-0.00016
1.31137;1.31153;-0.00016
1.31167;1.31183;-0.00016
1.31018;1.31034;-0.00016
1.31077;1.31093;-0.00016
1.31048;1.31064;-0.00016
1.31137;1.31153;-0.00016
1.31113;1.31129;-0.00016
1.31111;1.31127;-0.00016
1.311;1.31116;-0.00016
1.31115;1.31131;-0.00016
1.31086;1.31102;-0.00016
1.31158;1.31174;-0.00016
1.31144;1.3116;-0.00016
1.31202;1.31218;-0.00016
1.31187;1.31203;-0.00016
1.31245;1.31261;-0.00016
1.31216;1.31232;-0.00016
1.31231;1.31247;-0.00016
1.31187;1.31203;-0.00016
1.31199;1.31215;-0.00016
1.31201;1.31217;-0.00016
1.31345;1.31361;-0.00016
1.31328;1.31344;-0.00016
1.31362;1.31378;-0.00016
1.31294;1.3131;-0.00016
1.31311;1.31327;-0.00016
1.31242;1.31258;-0.00016
1.31259;1.31275;-0.00016
1.31174;1.3119;-0.00016
1.31208;1.31224;-0.00016
1.31191;1.31207;-0.00016
1.31242;1.31258;-0.00016
1.31182;1.31198;-0.00016
1.31182;1.31198;-0.00016
1.31049;1.31065;-0.00016
1.3108;1.31096;-0.00016
1.31019;1.31035;-0.00016
1.3117;1.31186;-0.00016
1.3114;1.31156;-0.00016
1.31261;1.31277;-0.00016
1.31231;1.31247;-0.00016
1.31352;1.31368;-0.00016
1.31291;1.31307;-0.00016
1.31322;1.31338;-0.00016
1.31231;1.31247;-0.00016
1.31235;1.31251;-0.00016
1.31236;1.31252;-0.00016
1.31287;1.31303;-0.00016
1.31276;1.31292;-0.00016
1.31298;1.31314;-0.00016
1.31254;1.3127;-0.00016
1.31265;1.31281;-0.00016
1.31221;1.31237;-0.00016
1.31232;1.31248;-0.00016
1.31177;1.31193;-0.00016
1.31199;1.31215;-0.00016
1.31188;1.31204;-0.00016
1.31221;1.31237;-0.00016
1.31183;1.31199;-0.00016
1.31183;1.31199;-0.00016
1.3114;1.31156;-0.00016
1.31159;1.31175;-0.00016
1.3112;1.31136;-0.00016
1.31218;1.31234;-0.00016
1.31198;1.31214;-0.00016
1.31276;1.31292;-0.00016
1.31257;1.31273;-0.00016
1.31335;1.31351;-0.00016
1.31296;1.31312;-0.00016
1.31315;1.31331;-0.00016
1.31257;1.31273;-0.00016
1.31331;1.31347;-0.00016
1.31337;1.31353;-0.00016
1.31354;1.3137;-0.00016
1.31372;1.31388;-0.00016
1.31335;1.31351;-0.00016
1.31429;1.31445;-0.00016
1.3141;1.31426;-0.00016
1.31485;1.31501;-0.00016
1.31466;1.31482;-0.00016
1.31541;1.31557;-0.00016
1.31504;1.3152;-0.00016
1.31522;1.31538;-0.00016
1.31466;1.31482;-0.00016
1.31401;1.31417;-0.00016
1.314;1.31416;-0.00016
1.31338;1.31354;-0.00016
1.31349;1.31365;-0.00016
1.31326;1.31342;-0.00016
1.31384;1.314;-0.00016
1.31373;1.31389;-0.00016
1.31419;1.31435;-0.00016
1.31407;1.31423;-0.00016
1.31454;1.3147;-0.00016
1.31431;1.31447;-0.00016
1.31442;1.31458;-0.00016
1.31407;1.31423;-0.00016
1.3144;1.31456;-0.00016
1.31441;1.31457;-0.00016
1.31585;1.31601;-0.00016
1.31556;1.31572;-0.00016
1.31672;1.31688;-0.00016
1.31643;1.31659;-0.00016
1.31758;1.31774;-0.00016
1.317;1.31716;-0.00016
1.31729;1.31745;-0.00016
1.31643;1.31659;-0.00016
1.3164;1.31656;-0.00016
1.3164;1.31656;-0.00016
1.31674;1.3169;-0.00016
1.31657;1.31673;-0.00016
1.31692;1.31708;-0.00016
1.31621;1.31637;-0.00016
1.31639;1.31655;-0.00016
1.31569;1.31585;-0.00016
1.31586;1.31602;-0.00016
1.31498;1.31514;-0.00016
1.31533;1.31549;-0.00016
1.31516;1.31532;-0.00016
1.31569;1.31585;-0.00016
1.31528;1.31544;-0.00016
1.31527;1.31543;-0.00016
1.31656;1.31672;-0.00016
1.31625;1.31641;-0.00016
1.31687;1.31703;-0.00016
1.31564;1.3158;-0.00016
1.31595;1.31611;-0.00016
1.31471;1.31487;-0.00016
1.31502;1.31518;-0.00016
1.31348;1.31364;-0.00016
1.3141;1.31426;-0.00016
1.31379;1.31395;-0.00016
1.31471;1.31487;-0.00016
1.31428;1.31444;-0.00016
1.31428;1.31444;-0.00016
1.3136;1.31376;-0.00016
1.31383;1.31399;-0.00016
1.31336;1.31352;-0.00016
1.31454;1.3147;-0.00016
1.31431;1.31447;-0.00016
1.31525;1.31541;-0.00016
1.31501;1.31517;-0.00016
1.31596;1.31612;-0.00016
1.31549;1.31565;-0.00016
1.31572;1.31588;-0.00016
1.31501;1.31517;-0.00016
1.3155;1.31566;-0.00016
1.31549;1.31565;-0.00016
1.31536;1.31552;-0.00016
1.31566;1.31582;-0.00016
1.31506;1.31522;-0.00016
1.31657;1.31673;-0.00016
1.31627;1.31643;-0.00016
1.31747;1.31763;-0.00016
1.31717;1.31733;-0.00016
1.31838;1.31854;-0.00016
1.31778;1.31794;-0.00016
1.31808;1.31824;-0.00016
1.31717;1.31733;-0.00016
1.31789;1.31805;-0.00016
1.3179;1.31806;-0.00016
1.31838;1.31854;-0.00016
1.31826;1.31842;-0.00016
1.31851;1.31867;-0.00016
1.318;1.31816;-0.00016
1.31813;1.31829;-0.00016
1.31763;1.31779;-0.00016
1.31775;1.31791;-0.00016
1.31712;1.31728;-0.00016
1.31737;1.31753;-0.00016
1.31725;1.31741;-0.00016
1.31763;1.31779;-0.00016
1.31732;1.31748;-0.00016
1.31733;1.31749;-0.00016
1.31725;1.31741;-0.00016
1.31738;1.31754;-0.00016
1.31711;1.31727;-0.00016
1.3178;1.31796;-0.00016
1.31766;1.31782;-0.00016
1.31821;1.31837;-0.00016
1.31807;1.31823;-0.00016
1.31862;1.31878;-0.00016
1.31835;1.31851;-0.00016
1.31848;1.31864;-0.00016
1.31807;1.31823;-0.00016
1.31745;1.31761;-0.00016
1.31743;1.31759;-0.00016
1.31804;1.3182;-0.00016
1.31792;1.31808;-0.00016
1.31815;1.31831;-0.00016
1.3177;1.31786;-0.00016
1.31781;1.31797;-0.00016
1.31735;1.31751;-0.00016
1.31747;1.31763;-0.00016
1.3169;1.31706;-0.00016
1.31713;1.31729;-0.00016
1.31701;1.31717;-0.00016
1.31735;1.31751;-0.00016
1.3172;1.31736;-0.00016
1.31721;1.31737;-0.00016
1.31733;1.31749;-0.00016
1.31722;1.31738;-0.00016
1.31744;1.3176;-0.00016
1.317;1.31716;-0.00016
1.31711;1.31727;-0.00016
1.31668;1.31684;-0.00016
1.31679;1.31695;-0.00016
1.31624;1.3164;-0.00016
1.31646;1.31662;-0.00016
1.31635;1.31651;-0.00016
1.31668;1.31684;-0.00016
1.31695;1.31711;-0.00016
